city,state,lat,lng
San Leandro,CA,37.7249296,-122.1560768
Columbia,SC,34.0007104,-81.0348144
Library,PA,40.2897921,-80.0097743
Sunnyvale,CA,37.36883,-122.0363496
Warren,MI,42.5144566,-83.0146526
Wilmington,DE,39.7390721,-75.5397878
Montgomery Village,MD,39.172728,-77.2036041
Agawam,MA,42.0695391,-72.6148117
New York,NY,40.7127837,-74.0059413
Mildura,AUSTRALIA,-34.2080167,142.1245535
Holmes,PA,39.901253,-75.3076904
Toledo,OH,41.6639383,-83.555212
Lakewood,CO,39.7047095,-105.0813734
Lafayette,CO,39.9935959,-105.0897058
Pomona,NJ,39.4665221,-74.5482393
Pittsburg,CA,38.0279762,-121.8846806
Greenwood,IN,39.6136578,-86.1066526
Jacksonville,FL,30.3321838,-81.655651
Fayetteville,North Carolina,35.0526641,-78.8783585
Solvang,CA,34.5958201,-120.1376481
San Diego,CA,32.715738,-117.1610838
Dallas,TX,32.7766642,-96.7969879
Irvine,CA,33.6839473,-117.7946942
Forth Worth,TX,32.7554883,-97.3307658
Sapulpa,OK,35.9987007,-96.1141664
Hempstead,NY,40.7062128,-73.6187397
Milan,Italy,45.4654219,9.1859243
Fullerton,CA,33.8703596,-117.9242966
North Bergen,NJ,40.8042674,-74.012084
Bountiful,UT,40.8893895,-111.880771
San Marcos,CA,33.1433723,-117.1661449
Miami,FL,25.7616798,-80.1917902
Colmar,PA,40.2687247,-75.2552829
"Santa Monica,",CA,34.0194543,-118.4911912
Pembroke Pines,FL,26.007765,-80.2962555
Newark,NJ,40.735657,-74.1723667
Somerset,NJ,40.5292099,-74.6400432
Inglewood,CA,33.9616801,-118.3531311
Las Vegas,NV,36.1699412,-115.1398296
Tempe,AZ,33.4255104,-111.9400054
West Chester,PA,39.9606643,-75.6054882
Verona,NJ,40.8298006,-74.2401609
Hamilton,NJ,40.2115109,-74.6796651
Mishawaka,IN,41.6619927,-86.1586156
Porter,TX,30.1044506,-95.2364276
Anaheim,CA,33.8352932,-117.9145036
Silver Spring,MD,38.9906657,-77.026088
San Jose,CA,37.3382082,-121.8863286
St. John's,NL,47.5605413,-52.7128315
New Haven,CT,41.308274,-72.9278835
Chino Hills,CA,33.9898188,-117.7325848
Enfield,CT,42.0027181,-72.5441445
Windsor Locks,CT,41.9242917,-72.6454469
Cedar City,UT,37.6774769,-113.0618931
Fayetteville,NC,35.0526641,-78.8783585
Colorado Springs,CO,38.8338816,-104.8213634
Maple Grove,MN,45.0724642,-93.4557877
Los Angeles,CA,34.0522342,-118.2436849
Antioch,CA,38.0049214,-121.805789
Grand rapids,MI,42.9633599,-85.6680863
Gilbert,AZ,33.3528264,-111.789027
Calgary,"Alberta, Canada",51.0486151,-114.0708459
Dubai,UAE,25.2048493,55.2707828
West Covina,CA,34.0686208,-117.9389526
Dover,DE,39.158168,-75.5243682
Williamsville,NY,42.963947,-78.7378091
Montclair,CA,34.0775104,-117.6897776
Big Spring,TX,32.2503979,-101.4787355
Hawthorne,CA,33.9164032,-118.3525748
Escondido,CA,33.1192068,-117.086421
Angola,IN,41.6347726,-84.9994088
Encinitas,CA,33.0369867,-117.2919818
Lavon,TX,33.0276193,-96.4341524
Pasadena,CA,34.1477849,-118.1445155
Holmes Beach,FL,27.4953156,-82.7109329
Chalfont,PA,40.2884395,-75.2090623
Brentwood,CA,37.931868,-121.6957863
Apple Valley,CA,34.5008311,-117.1858759
Madera,CA,36.9613356,-120.0607176
Tracy,CA,37.7396513,-121.4252227
Tucson,AZ,32.2217429,-110.926479
Scottsdale,AZ,33.4941704,-111.9260519
Pawling,NY,41.5620381,-73.6026271
Sterling,VA,39.0066993,-77.4291298
Van Nuys,CA,34.1898566,-118.451357
East Lyme,CT,41.3531533,-72.2295237
Rancho Cucamonga,CA,34.1063989,-117.5931084
Calgary,AB,51.0486151,-114.0708459
Artesia,CA,33.8658484,-118.0831212
Santa Monica,Ca,34.0194543,-118.4911912
Sartell,MN,45.6216318,-94.2069365
Ashburn,VA,39.0437567,-77.4874416
Ashland,OR,42.1945758,-122.7094767
Conifer,CO,39.5202516,-105.3056996
Austin,TX,30.267153,-97.7430608
Marietta,GA,33.952602,-84.5499327
Tucker,GA,33.8545479,-84.2171424
Atlanta,GA,33.7489954,-84.3879824
Old Bridge,NJ,40.4128551,-74.307282
Belleville,NJ,40.7936744,-74.1500469
Placentia,CA,33.8722371,-117.8703363
Martinez,GA,33.5173577,-82.0756734
Forest Hills,NY,40.718106,-73.8448469
Aurora,CO,39.7294319,-104.8319195
Livermore,CA,37.6818745,-121.7680088
Chandler,AZ,33.3061605,-111.8412502
Paramus,NJ,40.9445428,-74.0754189
Newton,MA,42.3370413,-71.2092214
Bala Cynwyd,PA,40.0131418,-75.2304038
Panama city,FL,30.1588129,-85.6602058
Surfside,FL,25.8784284,-80.1256007
Athens,AL,34.8028661,-86.9716741
Dandridge,TN,36.0153693,-83.4148895
Barrington,IL,42.1539141,-88.1361888
Pottstown,PA,40.2453741,-75.6496302
Garden City,MI,42.3255928,-83.3310422
West Jordan,UT,40.6096698,-111.9391031
Ottawa,ON,45.4215296,-75.6971931
Foothill Ranch,CA,33.6831832,-117.6664308
San Mateo,CA,37.5629917,-122.3255254
Calgary,Alberta,51.0486151,-114.0708459
Buena Park,CA,33.8675143,-117.9981181
Torrance,CA,33.8358492,-118.3406288
"Phoenix,",AZ,33.4483771,-112.0740373
Bellevue,WA,47.610377,-122.2006786
Bellflower,CA,33.8816818,-118.1170117
North Ogden,UT,41.3071645,-111.9602196
Fair Lawn,NJ,40.9403762,-74.1318096
Desoto,TX,32.5896998,-96.8570738
La Palma,CA,33.846404,-118.0467306
Chula Vista,CA,32.6400541,-117.0841955
Phoenix,AZ,33.4483771,-112.0740373
Arcadia,CA,34.1397292,-118.0353449
Devon,PA,40.0499216,-75.4258399
San Ramon,CA,37.7799273,-121.9780153
Blanchard,OK,35.1378441,-97.6580935
Shillington,PA,40.3078702,-75.9654896
Boca Raton,FL,26.3683064,-80.1289321
Raleigh,NC,35.7795897,-78.6381787
Laurel,MS,31.6940509,-89.1306124
Evans,GA,33.5337464,-82.1306747
Hendersonville,TN,36.3047735,-86.6199957
Brecksville,OH,41.3197763,-81.6267904
Pleasanton,CA,37.6624312,-121.8746789
Orlando,FL,28.5383355,-81.3792365
Lanham,MD,38.9685112,-76.8620327
Overland Park,KS,38.9822282,-94.6707917
San Antonio,TX,29.4241219,-98.4936282
Ypsilanti,MI,42.1966292,-83.6135572
Brickell,FL,25.7601793,-80.1958755
Burbank,CA,34.1808392,-118.3089661
Patchogue,NY,40.7659783,-73.019343
Greenville,NC,35.612661,-77.3663538
Holladay,UT,40.6688363,-111.8246557
Murrieta,CA,33.5539143,-117.2139232
Vacaville,CA,38.3565773,-121.9877444
Dublin,Ireland,53.3498053,-6.2603097
New Orleans,LA,29.9510658,-90.0715323
Columbus,OH,39.9611755,-82.9987942
Durham,NC,35.9940329,-78.898619
Spring Valley,CA,32.744774,-116.998916
Casa Grande,AZ,32.8795022,-111.7573521
Fayetteville,WV,38.0528884,-81.1039911
Ogden,UT,41.223,-111.9738304
Catonsville,MD,39.2720509,-76.7319161
Globe,AZ,33.3942223,-110.7864984
Stamford,CT,41.0534302,-73.5387341
Nashua,NH,42.7653662,-71.467566
Freehold,NJ,40.2136754,-74.3000878
Somersworth,NH,43.2617503,-70.8653372
Ionia,MI,42.9872547,-85.0711174
Urbandale,IA,41.6266555,-93.7121656
Momence,IL,41.1667001,-87.662815
Chino Valley,AZ,34.7575227,-112.4537809
Calgary,Canada,51.0486151,-114.0708459
Milford,CT,41.2306979,-73.064036
Sacramento,CA,38.5815719,-121.4943996
Lafayette,LA,30.2240897,-92.0198427
Langhorne,PA,40.1745538,-74.9226665
San Francisco,CA,37.7749295,-122.4194155
Clark,NJ,40.6278031,-74.3127631
Clarksville,TN,36.5297706,-87.3594528
Tijuana,Baja Calif_Mexico,32.4714171,-116.9342748
Prince Rupert,BC,54.3150367,-130.3208187
Santa Maria,CA,34.9530337,-120.4357191
Kingsport,TN,36.548434,-82.5618186
Trafalgar,IN,39.4161604,-86.150823
Indianapolis,IN,39.768403,-86.158068
Fairmont,WV,39.4850848,-80.1425781
Compton,CA,33.8958492,-118.2200712
Farmington Hills,MI,42.4989936,-83.3677168
Bowling Green,KY,36.9685219,-86.4808043
Milton,FL,30.6324149,-87.0396881
Farmers Branch,TX,32.9265137,-96.8961151
Queen Creek,AZ,33.2486638,-111.6342993
Seldon,NY,40.8664873,-73.0356625
"South Jordan,",UT,40.5621704,-111.929658
Orange,CA,33.7877944,-117.8531119
Cornelius,OR,45.5198373,-123.0598286
Fort Saskatchewan,AB,53.7007157,-113.2094659
Corona,Ca,33.8752935,-117.5664384
Seminole,FL,27.8397466,-82.7912134
Mesquite,NV,36.805531,-114.06719
Mesa,AZ,33.4151843,-111.8314724
Fort Worth,TX,32.7554883,-97.3307658
Fredericksburg,VA,38.3031837,-77.4605399
Pinole,CA,38.0043667,-122.2988587
Barstow,CA,34.8957957,-117.0172826
Cranberry Twp.,PA,40.6849626,-80.1071379
Crosslake,MN,46.6594065,-94.1138727
West Palm Beach,FL,26.7153424,-80.0533746
Mansfield,TX,32.5631924,-97.1416768
Culver,IN,41.22242,-86.413003
Fresno,CA,36.7468422,-119.7725868
Saint Louis,MO,38.6270025,-90.1994042
Lakewood,WA,47.1717649,-122.518458
DeLand,FL,29.028318,-81.3031179
Thiensville,WI,43.2375067,-87.9787001
Chicago,IL,41.8781136,-87.6297982
Danbury,CT,41.394817,-73.4540111
Dayton,PA,40.8803431,-79.241983
Redwood City,CA,37.4852152,-122.2363548
Lake Charles,LA,30.2265949,-93.2173758
Tomball,TX,30.0971621,-95.6160549
Sequim,WA,48.0795365,-123.1018437
Auburn,CA,38.8965654,-121.0768901
Cincinnati,Oh,39.1031182,-84.5120196
Berkeley,CA,37.8715926,-122.272747
Dayton,OH,39.7589478,-84.1916069
Independence,KY,38.9431183,-84.544109
Oceanside,CA,33.1958696,-117.3794834
Costa Mesa,CA,33.6411316,-117.9186689
Beaver Dam,WI,43.4577692,-88.837329
Sanford,FL,28.8028612,-81.269453
Seattle,WA,47.6062095,-122.3320708
Greenville,MS,33.399661,-91.0377029
York,PA,39.9625984,-76.727745
Dubai,Duabi_UAE,25.2048493,55.2707828
Newark,DE,39.6837226,-75.7496572
Decorah,IA,43.3033056,-91.7857092
Monona,IA,43.0516494,-91.3893041
Prairie du Chien,WI,43.0516505,-91.1412404
Petaluma,CA,38.232417,-122.6366524
Downey,CA,33.9401088,-118.1331593
Spokane,WA,47.6587802,-117.4260466
Beverly Hills,CA,34.0736204,-118.4003563
Boston,MA,42.3600825,-71.0588801
Flower Mound,TX,33.0145673,-97.0969552
Ontario,CA,34.0633443,-117.6508876
Covina,CA,34.0900091,-117.8903397
Stockbridge,GA,33.5442781,-84.2338093
Vallejo,CA,38.1040864,-122.2566367
Kennesaw,GA,34.0234337,-84.6154897
Elk Grove,CA,38.4087993,-121.3716178
Thousand Oaks,CA,34.1705609,-118.8375937
Westminster,MD,39.5753791,-76.9958149
North Hollywood,CA,34.187044,-118.3812562
Rancho Mirage,CA,33.739744,-116.41279
Palm Desert,CA,33.7222445,-116.3744556
Granville,OH,40.0681192,-82.5196037
Windsor,Ontario,42.3149367,-83.0363633
Pawtucket,RI,41.878711,-71.3825558
Commerce City,CO,39.8083196,-104.9338675
Salina,KS,38.8402805,-97.6114237
Greenville,RI,41.8712103,-71.5520069
Encino,CA,34.1517492,-118.5214282
Broadview Heights,OH,41.3139426,-81.6851271
Fairfield,CT,41.1408363,-73.2612615
Elgin,IL,42.0354084,-88.2825668
Pueblo,CO,38.2544472,-104.6091409
Mount Vernon,IA,41.9219522,-91.4168371
Paterson,NJ,40.9167654,-74.171811
Milwaukee,WI,43.0389025,-87.9064736
Salem,OR,44.9428975,-123.0350963
Stoney Creek,Ontario,43.2272182,-79.7195586
Northampton,MA,42.3250896,-72.6412013
Vista,CA,33.2000368,-117.2425355
Culver City,CA,34.0211224,-118.3964665
Zanesville,OH,39.9403453,-82.0131924
North Haledon,NJ,40.9550981,-74.1859781
Canton,MI,42.3086444,-83.482116
Palo Alto,CA,37.4418834,-122.1430195
Bronx,NY,40.8370495,-73.8654295
Orem,UT,40.2968979,-111.6946475
Newburgh,NY,41.5034271,-74.0104178
Libertyville,IL,42.2830786,-87.9531303
Carlsbad,NM,32.4206736,-104.2288375
Simi Valley,CA,34.2694474,-118.781482
Toms River,NJ,39.9537358,-74.1979458
La Habra,CA,33.9319578,-117.9461734
Palmdale,CA,34.5794343,-118.1164613
Peoria,AZ,33.5805955,-112.2373779
Lake Jackson,TX,29.0338575,-95.4343859
Williamsburg,VA,37.2707022,-76.7074571
Birmingham,MI,42.5467012,-83.2113192
Long Beach,CA,33.7700504,-118.1937395
Glen Oaks,NY,40.7471504,-73.7118223
Tustin,CA,33.7458511,-117.826166
Fanwood,NJ,40.6409358,-74.383484
East Wenatchee,WA,47.4156824,-120.2931263
Coral Springs,FL,26.271192,-80.2706044
Los Anegels,CA,34.0522342,-118.2436849
Brooklyn,NY,40.6781784,-73.9441579
Winter Springs,FL,28.6988853,-81.3081226
Freeport,IL,42.2966861,-89.6212271
Glendale,AZ,33.5386523,-112.1859866
Glendale,CA,34.1425078,-118.255075
Louisville,KY,38.2526647,-85.7584557
Toronto,Ontario,43.653226,-79.3831843
Monroe,NY,41.3306493,-74.1868135
Granada Hills,CA,34.2793576,-118.5021527
Davis,CA,38.5449065,-121.7405167
Lebanon,OR,44.5365119,-122.9070339
South Jordan,UT,40.5621704,-111.929658
Brockton,MA,42.0834335,-71.0183787
Madisonville,LA,30.4043607,-90.1570232
Livonia,MI,42.36837,-83.3527097
La Mesa,CA,32.7678287,-117.0230839
Westchester,CA,33.9625905,-118.3987842
Bethesda,MD,38.984652,-77.0947092
Hixson,TN,35.137265,-85.2368219
Long Beach,NY,40.5884373,-73.657908
Diamond Bar,CA,34.0286226,-117.8103367
Danvers,MA,42.5750009,-70.932122
Mt. Prospect,IL,42.0664167,-87.9372908
Brentwood,NY,40.7812093,-73.2462273
Roswell,GA,34.0232431,-84.3615555
Monterey,CA,36.6002378,-121.8946761
Maple,Ontario,43.8517618,-79.5272836
Brewster,NY,41.3973163,-73.6170721
Shawnee,OK,35.3272928,-96.9253004
League City,TX,29.5074538,-95.0949303
Suwanee,GA,34.0514898,-84.0712997
Perris,CA,33.7825194,-117.2286478
Joppa,MD,39.4290415,-76.3557028
Arlington,VA,38.8799697,-77.1067698
Los Angeles,90026,34.0796167,-118.2585096
Stockton,CA,37.9577016,-121.2907796
Malden,MA,42.4250964,-71.066163
Torrrance,CA,33.8358492,-118.3406288
Springfield,OR,44.0462362,-123.0220289
Fairlawn,OH,41.127833,-81.609844
Hallandale Beach,FL,25.9812024,-80.148379
Vidalia,GA,32.2176855,-82.4134614
Sand Springs,OK,36.1398102,-96.108891
Springfield,MO,37.2089572,-93.2922989
Joliet,IL,41.525031,-88.0817251
North Charleston,SC,32.8546197,-79.9748103
Parlin,NJ,40.4623454,-74.3272286
Philadelphia,PA,39.9525839,-75.1652215
Lansdale,PA,40.2414952,-75.2837862
Lindenwold,NJ,39.8201681,-74.9851678
Brick,NJ,40.0578384,-74.1371832
North Vancouver,BC,49.3269904,-123.0732801
Howell,MI,42.6072552,-83.9293952
Lake Mary,FL,28.7588833,-81.3178446
Centennial,CO,39.5807452,-104.8771726
Toluca Lake,CA,34.1501794,-118.3549609
Charlotte,NC,35.2270869,-80.8431267
Yonkers,NY,40.9312099,-73.8987469
Fort McMurray,AB,56.7263796,-111.3803407
Mt. Clemens,MI,42.5972563,-82.8779754
Astoria,NY,40.7643574,-73.9234619
Lakewood,CA,33.8536269,-118.1339563
Northridge,CA,34.2381251,-118.530123
Woodside,NY,40.7512123,-73.9036487
Union City,CA,37.5933918,-122.0438298
San Gabriel,CA,34.0961111,-118.1058333
Des Moines,IO,41.6005448,-93.6091064
Wyomissing,PA,40.329537,-75.9652117
Lexington,KY,38.0405837,-84.5037164
irvine,NY,41.839885,-79.2681029
Charlottesville,VA,38.0293059,-78.4766781
Mt. Washington,KY,38.0500627,-85.5457877
Dublin,CA,37.7021521,-121.9357918
East Bridgewater,MA,42.0334341,-70.9592096
irvine,AZ,33.7139729,-117.7936521
Newport Beach,CA,33.6189101,-117.9289469
Eastpointe,MI,42.4683698,-82.9554746
irvine,WA,33.7129144,-117.7925822
irvine,MD,33.7118291,-117.7924062
Houston,TX,29.7604267,-95.3698028
Pensacola,FL,30.421309,-87.2169149
Olney,MD,39.1531627,-77.066923
Antelope,CA,38.7166871,-121.3644216
"Garden City, MI",MI,42.3255928,-83.3310422
NY,NY,40.7127837,-74.0059413
Yorktown Heights,NY,41.2709274,-73.7776336
irvine,NV,33.7132821,-117.79401
Deltona,FL,28.9005446,-81.2636738
Elmhurst,IL,41.8994744,-87.9403418
Fircrest,WA,47.2395428,-122.5159586
irvine,IL,42.424243,-90.440982
Roslyn Heights,NY,40.7887117,-73.6473511
Cumming,GA,34.2073196,-84.1401926
Freeport,NY,40.6576022,-73.5831835
Laconia,NH,43.5278546,-71.4703509
Clifton,NJ,40.8584328,-74.1637553
irvine,DC,38.92902,-77.0240549
Dadeville,AL,32.831238,-85.7635692
Rego Park,NY,40.7255722,-73.8624893
Hesperia,CA,34.4263886,-117.3008784
Plano,TX,33.0198431,-96.6988856
Saginaw,MI,43.4194699,-83.9508068
Cromwell,CT,41.5950989,-72.6453705
Gurnee,IL,42.3702996,-87.9020186
Westlake Village,CA,34.1466467,-118.8073729
Neptune Beach,FL,30.311908,-81.3964734
Lenoir,NC,35.9140196,-81.5389849
Roebling,NJ,40.1162183,-74.7813146
Flushing,MI,43.0630833,-83.8510732
La Crescenta,CA,34.228754,-118.2351192
KITCHENER,Ontario,43.450301,-80.4831917
irvine,TX,32.8140177,-96.9488945
Suffern,NY,41.1148179,-74.1495889
Oxon Hills,MD,38.8033178,-76.9897278
McLean,VA,38.9338676,-77.1772604
Alpharetta,GA,34.0753762,-84.2940899
Cypress,TX,29.9716905,-95.6937856
Coral Gables,FL,25.72149,-80.2683838
Palm City,FL,27.1678268,-80.2661591
Galt,CA,38.2546373,-121.2999485
Titusville,FL,28.6122187,-80.8075537
Brandon,FL,27.937801,-82.2859247
Pittsburgh,PA,40.4406248,-79.9958864
Wake Forest,NC,35.9798734,-78.5097228
Abingdon,VA,36.7098335,-81.9773482
Colorado Springs,Colorado,38.8338816,-104.8213634
Mission Viejo,CA,33.6000232,-117.6719953
Washington,DC,38.9071923,-77.0368707
Marion,KS,38.3483493,-97.017245
Germantown,MD,39.1731621,-77.2716502
Morgan Hill,CA,37.1305012,-121.6543901
Gilroy,CA,37.0057816,-121.5682751
Gladstone,MO,39.2038918,-94.554677
Glenview,IL,42.0697509,-87.7878408
Glendora,CA,34.1361187,-117.865339
Machesney Park,IL,42.3472406,-89.0389956
Richmond,VA,37.5407246,-77.4360481
Florham Park,NJ,40.787878,-74.3882072
El Dorado Hills,CA,38.6857367,-121.082167
Arlington,TX,32.735687,-97.1080656
Los Alamitos,CA,33.8030716,-118.0725641
Granger,IN,41.7533819,-86.1108377
Ramona,CA,33.0376384,-116.8765386
Bedford,Nova Scotia,44.7246629,-63.6908523
Oxon Hill,MD,38.8033178,-76.9897278
Jersey City,NJ,40.7281575,-74.0776417
Poughkeepsie,NY,41.7003713,-73.9209701
Hayward,CA,37.6688205,-122.0807964
South Pasadena,CA,34.1161196,-118.1503488
Poway,CA,32.9628232,-117.0358646
St. George,UT,37.0965278,-113.5684164
Gardena,CA,33.8883487,-118.3089624
Huntington Beach,CA,33.660297,-117.9992265
Lakeway,TX,30.3679788,-97.991679
Elkins Park,PA,40.0697037,-75.1253492
Port Orchard,WA,47.5403732,-122.6362492
Leesburg,VA,39.1156615,-77.5636015
Markham,Ontario,43.8561002,-79.3370188
Greensburg,PA,40.3014581,-79.5389289
Crossfield,Alberta,51.4301636,-114.0319551
Highlands Ranch,CO,39.5480789,-104.9739333
Roslyn,NY,40.7998227,-73.6509622
Hiram,GA,33.8756601,-84.7621592
New Hyde Park,NY,40.7351018,-73.6879082
Holliston,MA,42.2000966,-71.4245049
Holly,MI,42.7919727,-83.6277255
West Hollywood,CA,34.0900091,-118.3617443
Hudson,MA,42.391736,-71.566139
Bloomington,IL,40.4842027,-88.9936873
Huntington,NY,40.8681539,-73.425676
La Jolla,CA,32.8328112,-117.2712717
Elmwood Park,IL,41.9211423,-87.8092266
Randolph,NJ,40.8478065,-74.5747248
Fort Wayne,IN,41.079273,-85.1393513
La Verne,CA,34.1008426,-117.7678355
Seoul,KOREA,35.907757,127.766922
Keansburg,NJ,40.4417743,-74.1298643
Lombard,IL,41.8800296,-88.0078435
Linden,NJ,40.6220478,-74.2445902
Bainbridge Island,WA,47.6262081,-122.5212448
Rockford,IL,42.2711311,-89.0939952
Marion,OH,40.5886699,-83.1285242
Lexington Park,MD,38.2575517,-76.4620928
Modesto,CA,37.6390972,-120.9968782
Richland,WA,46.2856907,-119.2844621
Corpus Christi,TX,27.8005828,-97.396381
Manchester,MO,38.5969977,-90.5092882
Sweetwater,TX,32.4709519,-100.4059384
Redwood City/San Jose,CA,37.2391251,-121.7673707
Midlothian,TX,32.482361,-96.9944489
Wichita,KS,37.6871761,-97.330053
Middletown,DE,39.449556,-75.7163207
Monroe,WA,47.8553772,-121.9709579
Fremont,CA,37.5482697,-121.9885719
Leonardtown,MD,38.291238,-76.6357942
Blacksburg,VA,37.2295733,-80.4139393
Carmichael,CA,38.617127,-121.3282843
Hawaiian Gardens,CA,33.8314045,-118.0728424
Grove,OK,36.5936863,-94.7691186
Woodland Hills,CA,34.165357,-118.6089752
Katy,TX,29.7857853,-95.8243956
Newmarket,ON,44.059187,-79.461256
Beverley Hills,MI,42.516131,-83.2625577
Chapel Hill,NC,35.9131996,-79.0558445
Port Jefferson Station,NY,40.9253764,-73.0473284
Sherman Okas,CA,34.1489719,-118.451357
South Windsor,CT,41.8489872,-72.5717551
Santa Ana,CA,33.7455731,-117.8678338
Redmond,WA,47.6739881,-122.121512
New Smyrna Beach,FL,29.0258191,-80.9269984
Port Charlotte,FL,26.9761707,-82.0906448
Hemet,CA,33.7475203,-116.9719684
San Clemente,CA,33.4269728,-117.6119925
Buffalo Grove,IL,42.1662831,-87.9631308
Rochester,MN,44.0121221,-92.4801989
Little Elm,TX,33.1626193,-96.9375051
Falls Church,VA,38.882334,-77.1710914
Leawood,KS,38.966673,-94.6169012
Round Hill,VA,39.1326051,-77.7686051
Shawnee,KS,39.0228485,-94.7151865
San Bruno,CA,37.6304904,-122.4110835
Honolulu,HI,21.3069444,-157.8583333
Alexandria,VA,38.8048355,-77.0469214
Short Hills,NJ,40.7483499,-74.3232194
Littleton,CO,39.613321,-105.0166498
Alhambra,CA,34.095287,-118.1270146
Livingston,NJ,40.7862871,-74.3300842
Daytona Beach,FL,29.2108147,-81.0228331
Lone Tree,CO,39.536482,-104.8970678
Glen Ellyn,IL,41.8775293,-88.0670118
Los Altos,CA,37.3852183,-122.1141298
San Pedro,CA,33.7360619,-118.2922461
Riverside,CA,33.9533487,-117.3961564
Berwyn,PA,40.045824,-75.4395931
Arabi ST.,U.A.E.,29.9543702,-90.0053477
Mammoth Lakes,CA,37.648546,-118.972079
Moon Twp,PA,40.5169767,-80.2213477
North Platte,NE,41.1402759,-100.7601454
Marble Falls,TX,30.5782446,-98.2728003
Framingham,MA,42.279286,-71.4161565
Carlsbad,CA,33.1580933,-117.3505939
Allentown,PA,40.6084305,-75.4901833
Moorestown,NJ,39.9688817,-74.948886
Caledonia,MN,43.6346913,-91.4968076
Mason,OH,39.3600586,-84.309939
Bridgeton,MO,38.7669954,-90.4115057
Brea,CA,33.9166805,-117.9000604
McCordsville,IN,39.8942911,-85.9197838
Abington,PA,40.1198332,-75.1253492
Westminster,CA,33.7513419,-117.9939921
Rockville,MD,39.0839973,-77.1527578
Morristown,NJ,40.7967667,-74.4815438
Ukiah,CA,39.1501709,-123.2077831
Mercerville,NJ,40.2370535,-74.6865477
East Point,GA,33.6795531,-84.4393724
Kew Gardens,NY,40.705695,-73.8272029
Pasadena,TX,29.6910625,-95.2091006
Herndon,VA,38.9695545,-77.3860976
Lake Forest,CA,33.6469661,-117.689218
South Elgin,IL,41.9941938,-88.2922996
Smithtown,NY,40.8559314,-73.2006687
Markham,ON,43.8561002,-79.3370188
Mill Creek,WA,47.8600971,-122.2042966
Mira Loma,CA,33.9845417,-117.5159449
Montrose,Colorado,38.4783198,-107.8761738
Pearland,TX,29.5635666,-95.2860474
Murray,UT,40.6668916,-111.8879909
Myrtle Beach,SC,33.6890603,-78.8866943
Nanuet,NY,41.0887073,-74.013473
Naperville,IL,41.7508391,-88.1535352
Signal Hill,CA,33.8044614,-118.1678456
Waldorf,MD,38.6265124,-76.9105483
Feasterville,PA,40.1439987,-75.0051694
Miami Beach,FL,25.790654,-80.1300455
Bridgeport,CT,41.1865478,-73.1951767
North Kansas City,MO,39.1429081,-94.5729781
Skokie,IL,42.0324025,-87.7416246
North Huntingdon,PA,40.3301883,-79.7307014
Slidell,LA,30.2751945,-89.7811745
Debery,FL,28.8713443,-81.3289397
Falmouth,ME,43.7435343,-70.2601759
Garner,NC,35.7112642,-78.6141709
El Cajon,CA,32.7947731,-116.9625269
Camarillo,CA,34.2163937,-119.0376023
Painesville,OH,41.7244885,-81.245657
Roseville,CA,38.7521235,-121.2880059
Cathedral City,CA,33.7805388,-116.4668036
Palm Springs,CA,33.8302961,-116.5452921
Syracuse,NY,43.0481221,-76.1474244
Royal Palm Beach,FL,26.7083984,-80.2306019
Weehawken,NJ,40.7663711,-74.0253715
Winter Park,FL,28.5999998,-81.3392352
Park City,UT,40.6460622,-111.4979729
Snellville,GA,33.857328,-84.0199108
Minneapolis,MN,44.977753,-93.2650108
D-Fallon,MO,38.8106075,-90.6998477
Austell,GA,33.8126059,-84.6343783
Riverside,RI,41.767455,-71.3646694
Burke,VA,38.7934466,-77.2716505
Decatur,GA,33.7748275,-84.2963123
Boise,ID,43.6187102,-116.2146068
Pennington,NJ,40.3284402,-74.790718
Santa Clara,CA,37.3541079,-121.9552356
Allen,TX,33.1031744,-96.6705503
Peru,IN,40.7536528,-86.0688811
Salem,NH,42.7885553,-71.2008912
Elizabethtown,ny,44.2163337,-73.5904478
Fargo,ND,46.8771863,-96.7898034
Duluth,MN,46.7866719,-92.1004852
Orland Park,IL,41.6303103,-87.8539425
Forest Park,IL,41.8794758,-87.81367
Plymouth Meeting,PA,40.1023319,-75.2743467
Port Wellness,NY,40.7127837,-74.0059413
Brookline,MA,42.3317642,-71.1211635
North Andover,MA,42.6987024,-71.1350575
Croton On Hudson,NY,41.2084278,-73.8912481
Niles,IL,42.0189191,-87.8028402
Eau Claire,WI,44.811349,-91.4984941
Peekskill,NY,41.2900939,-73.9204158
Barcelona,Sp,-23.6221281,-46.5523766
Puyallup,WA,47.1853785,-122.2928974
Barre,VT,44.1767937,-72.4687538
Augusta,GA,33.4734978,-82.0105148
Airway Heights,WA,47.644611,-117.5932728
Richardson,TX,32.9483335,-96.7298519
Carpentersville,IL,42.1211364,-88.2578582
Lyndhurst,OH,41.5200523,-81.4887315
Evergreen,CO,39.6333213,-105.3172146
Bartlesville,OK,36.7473114,-95.9808179
Temecula,CA,33.4936391,-117.1483648
Matteson,IL,41.5039235,-87.7131018
Oakland,CA,37.8043637,-122.2711137
Willow Street,PA,39.9792659,-76.2763474
Mount Laurel,NJ,39.934002,-74.8909988
Lake Worth,FL,26.6167555,-80.0684479
Lewisville,TX,33.046233,-96.994174
Aberdeen,NJ,40.4170948,-74.2221155
Marina Del Rey,CA,33.9802893,-118.4517449
Temple City,CA,34.1072305,-118.0578456
Lomita,CA,33.7922392,-118.3150722
Youngsville,NC,36.0248732,-78.4744439
Troy,MI,42.6064095,-83.1497751
Riverton,UT,40.521893,-111.9391023
Port Saint Lucie,FL,27.2730492,-80.3582261
Sioux Falls,SD,43.5445959,-96.7311034
Palm Harbor,FL,28.0780718,-82.7637127
South Weymouth,MA,42.1751002,-70.9494899
Richboro,PA,40.2151086,-75.0107245
Ciudad Juarez,Mexico,31.6903638,-106.4245478
Farmington,MN,44.6402434,-93.1435497
Portland,OR,45.5230622,-122.6764816
Bedford,MA,42.4906231,-71.2760089
Colquitt,Georgia,31.1712935,-84.7332527
Dorchester Center,MA,42.2917651,-71.0717173
Longmont,CO,40.1672068,-105.1019275
Rockaway,NJ,40.9012101,-74.5143232
Rockdale,Texas,30.6554759,-97.0013744
Athens,TN,35.4428512,-84.5929898
Olathe,KS,38.8813958,-94.8191285
Tukwila,WA,47.4739884,-122.2609558
Natick,MA,42.2775281,-71.3468091
Baltimore,MD,39.2903848,-76.6121893
Cypress,CA,33.8169599,-118.0372852
San Dimas,CA,34.1066756,-117.8067257
San Marcos,TX,29.8832749,-97.9413941
San Rafael,CA,37.9735346,-122.5310874
Kingsford,MI,45.7949561,-88.0720706
Schaumburg,IL,42.0333607,-88.0834059
North Royalton,OH,41.3136644,-81.7245739
Lancaster,PA,40.0378755,-76.3055144
Winnipeg,Manitoba,49.8997541,-97.1374937
lancaster,tx,32.5920798,-96.7561082
Farmington,IL,40.6980932,-90.0059483
Nashville,TN,36.1626638,-86.7816016
Saline,MI,42.1667072,-83.7816075
Shreveport,LA,32.5251516,-93.7501789
Albuquerque,NM,35.0853336,-106.6055534
Cameron Park,CA,38.6687929,-120.9871643
Crystal Lake,IL,42.2411344,-88.3161965
"Newark,",DE,39.6837226,-75.7496572
Northbrook,IL,42.1275267,-87.8289548
Arbuckle,CA,39.0173963,-122.0577477
Dade City,FL,28.3647248,-82.1959178
Lubbock,TX,33.5778631,-101.8551665
Gadsden,AL,34.014264,-86.0066386
Englewood,NJ,40.8928771,-73.9726381
Bartlett,TN,35.2045328,-89.8739753
Murphy,TX,33.0151205,-96.6130486
Huntsville,AL,34.7303688,-86.5861037
Lafayette,IN,40.4167022,-86.8752869
Milpitas,CA,37.4323341,-121.8995741
Saint Helens,OR,45.8590111,-122.8158185
Solon,OH,41.3897764,-81.4412259
Somerset,KY,37.0920222,-84.6041084
Campbell,CA,37.2871651,-121.9499568
Douglas,GA,31.5088073,-82.8498654
Riverview,MI,42.1742073,-83.1793697
Bellmore,NY,40.6687125,-73.5270709
West Columbia,SC,33.9934867,-81.0739825
Granbury,TX,32.4420826,-97.7941967
Kitchener,ON,43.450301,-80.4831917
Carmel,IN,39.978371,-86.1180435
Mount Kisco,NY,41.2042616,-73.7270761
Stony Brook,NY,40.9256538,-73.1409429
Richmond,TX,29.5821811,-95.7607832
Clackamas,OR,45.4076205,-122.5703692
Flemington,NJ,40.5123258,-74.8593318
Issaquah,WA,47.5301011,-122.0326191
Tallahassee,FL,30.4382559,-84.2807329
Lauderhill,Florida,26.1403635,-80.2133808
"Ottawa,",Ontario,45.4215296,-75.6971931
Westport,CT,41.1414717,-73.3579049
Arlington Heights,IL,42.0883603,-87.9806265
Sautee,GA,34.6845396,-83.6807322
Newton Centre,MA,42.3300503,-71.1948255
Canaan,CT,41.9640877,-73.3001233
Mountain View,CA,37.3860517,-122.0838511
Mission Hills,CA,34.6882456,-120.4364208
Murietta,CA,33.5539143,-117.2139232
Clinton,IA,41.8444735,-90.1887379
Tooele,UT,40.5307776,-112.29828
Collegeville,PA,40.1856597,-75.451571
Turlock,CA,37.4946568,-120.8465941
Tyler,TX,32.3512601,-95.3010624
Douglasville,GA,33.7514966,-84.7477136
Manchester,NH,42.9956397,-71.4547891
Poulsbo,WA,47.735928,-122.6465372
Patterson,CA,37.4716001,-121.129656
Valley Village,CA,34.1633045,-118.3841777
Tehachapi,CA,35.1321877,-118.4489739
Daly City,CA,37.6879241,-122.4702079
Danville,VA,36.5859718,-79.3950228
Waco,TX,31.549333,-97.1466695
Walnut,CA,34.0202894,-117.8653386
Waukon,IA,43.2694208,-91.475695
Wenatchee,WA,47.4234599,-120.3103494
Dearborn,MI,42.3222599,-83.1763145
Mt. Kisco,NY,41.2042616,-73.7270761
Westlock,AB,54.1521565,-113.851419
Westlake,OH,41.4553232,-81.9179173
Wheat Ridge,CO,39.766098,-105.0772063
Stockbridge,MI,42.4511466,-84.1805146
White Plains,NY,41.0339862,-73.7629097
El Sobrante,CA,37.9771452,-122.2952474
Wilmington,MA,42.5481714,-71.1724467
East Windsor,NJ,40.2677539,-74.5402506
Laurel,MD,39.0992752,-76.8483061
Eatontown,NJ,40.2962222,-74.0509725
McAllen,TX,26.2034071,-98.2300124
Woodbury,MN,44.9238552,-92.9593797
Orange,NJ,40.7706187,-74.2326478
New Rochelle,NY,40.9114882,-73.7823549
Franklin,TN,35.9250637,-86.8688899
Winona,MN,44.0553908,-91.6663523
Conway,AR,35.0886963,-92.4421011
Howell,NJ,40.1645785,-74.2082671
Lincoln Park,PA,48.1159071,-123.4742638
Cockeysville,Maryland,39.4812172,-76.6438598
Waltham,MA,42.3764852,-71.2356113
Hammond,LA,30.5043583,-90.4611995
Burnsville,MN,44.7677424,-93.2777226
Castaic,CA,34.4890363,-118.6256552
Wayland,NY,42.5678449,-77.5897139
Gunter,TX,33.4478881,-96.747494
Aubrey,TX,33.3042834,-96.986118
Leonard,TX,33.3795549,-96.2474785
McKinney,TX,33.1972465,-96.6397822
Queens,NY,40.7282239,-73.7948516
Denton,TX,33.2148412,-97.1330683
Huntington Park,CA,33.9816812,-118.2250725
Norco,CA,33.9311257,-117.548661
Northfield,IL,42.09975,-87.7808967
Monroe,OH,39.440336,-84.3621634
Salt Lake CIty,UT,40.7607793,-111.8910474
Murrells Inlet,SC,33.5510021,-79.0414261
Richmond Hill,Ontario,43.8828401,-79.4402808
Goodlettsville,TN,36.3231066,-86.7133302
Hilliard,OH,40.0333961,-83.1582451
East Helena,MT,46.5896567,-111.9155461
Powder Springs,GA,33.8595491,-84.683824
Union,SC,34.7154122,-81.623711
Quincy,MA,42.2528772,-71.0022705
Hingham,MA,42.2418172,-70.889759
Madison,AL,34.6992579,-86.7483318
Woburn,MA,42.4792618,-71.1522765
San Bernadino,CA,34.1083449,-117.2897652
Bordentown,NJ,40.1480827,-74.6945737
Belmont,CA,37.5202145,-122.2758008
Bowie,MD,39.0067768,-76.7791365
Vero Beach,FL,27.6386434,-80.3972736
Caldwell,ID,43.6629384,-116.6873596
Garland,TX,32.912624,-96.6388833
Arvada,CO,39.8027644,-105.0874842
Norwood,PA,39.8917793,-75.2996309
Keller,TX,32.9341893,-97.229298
South Plainfield,NJ,40.5792701,-74.4115401
Spring Hill,TN,35.751179,-86.9300023
West Orange,NJ,40.7985699,-74.2390828
Champaign,IL,40.1164204,-88.2433829
Owasso,OK,36.2695388,-95.8547119
Piqua,OH,40.1447732,-84.2424449
Cambridge,MA,42.3736158,-71.1097335
Vaughan,Ontario,43.8372079,-79.508276
"Bellingham,",WA,48.74908,-122.4781473
Fairfax,VA,38.8462236,-77.3063733
Holton,KS,39.4652724,-95.7363723
Virginia Beach,VA,36.8529263,-75.977985
Cleveland,OH,41.49932,-81.6943605
Pompano Beach,FL,26.2378597,-80.1247667
Whippany,NJ,40.8254055,-74.4022355
Grand Junction,CO,39.0638705,-108.5506486
Saddle Brook,NJ,40.9040085,-74.1007318
Bettendorf,IA,41.56085,-90.48344
Laguna Niguel,CA,33.5225261,-117.7075526
Exton,PA,40.0325817,-75.6274583
Scarsdale,NY,41.0050977,-73.7845768
Tarzana,CA,34.1494848,-118.5506158
Plantation,FL,26.1275862,-80.2331036
Towson,MD,39.4014955,-76.6019125
Chino,CA,34.0122346,-117.688944
Milford,DE,38.9126129,-75.4279748
Fountain Valley,CA,33.7091847,-117.9536697
Valencia,CA,34.456151,-118.5713823
Lemoore,CA,36.3007835,-119.7829107
Tampa,FL,27.950575,-82.4571776
Jasper,TX,30.9201995,-93.9965759
Pittsfield,MA,42.4500845,-73.2453824
Macon,GA,32.8406946,-83.6324022
Denver,CO,39.7392358,-104.990251
New Albany,IN,38.2856247,-85.8241312
Toronto,ON,43.653226,-79.3831843
The Woodlands,TX,30.1658207,-95.4612625
Mississauga,ON,43.5890452,-79.6441198
McKinney,TX,33.1972465,-96.6397822
Chino Hills,CA,33.9898188,-117.7325848
Bellflower,CA,33.8816818,-118.1170117
Grand Prairie,TX,32.7459645,-96.9977846
Fairless Hills,PA,40.1795537,-74.8551644
Philadelphia,PA,39.9525839,-75.1652215
Langhorne,PA,40.1745538,-74.9226665
Langhorne,PA,40.1745538,-74.9226665
Denville,PA,40.96342,-76.6127329
Naperville,IL,41.7508391,-88.1535352
Riverview,FL,27.8661364,-82.3264809
Hempstead,NY,40.7062128,-73.6187397
Fresno,CA,36.7468422,-119.7725868
Irvine,CA,33.6839473,-117.7946942
Salem,OR,44.9428975,-123.0350963
Fullerton,CA,33.8703596,-117.9242966
Cedartown,GA,34.0112715,-85.2565823
Weehawken,NJ,40.7663711,-74.0253715
Weehawken,NJ,40.7663711,-74.0253715
Weehawken,NJ,40.7663711,-74.0253715
New York,NY,40.7127837,-74.0059413
NY,NY,40.7127837,-74.0059413
NY,NY,40.7127837,-74.0059413
Akron,OH,41.0814447,-81.5190053
West Liberty,IA,41.5700231,-91.2637695
Jackson,WY,43.4799291,-110.7624282
Scarborough,ON,43.7764258,-79.2317521
Novi,MI,42.48059,-83.4754913
Roswell,GA,34.0232431,-84.3615555
Athens,AL,34.8028661,-86.9716741
Sierra Vista,AZ,31.5455001,-110.2772856
New Hope,AL,34.5370339,-86.3944307
San Jose,CA,37.3382082,-121.8863286
Fresno,CA,36.7468422,-119.7725868
Palm Springs,CA,33.8302961,-116.5452921
Moscow,ID,46.7323875,-117.0001651
Burbank,CA,34.1808392,-118.3089661
Sierra Vista,AZ,31.5455001,-110.2772856
Petaluma,CA,38.232417,-122.6366524
Sterling Heights,MI,42.5803122,-83.0302033
Simi Valley,CA,34.2694474,-118.781482
Chillicothe,MO,39.7952946,-93.5524358
Manchester,NH,42.9956397,-71.4547891
Fredericksburg,VA,38.3031837,-77.4605399
Salida,CA,37.7057623,-121.0849369
Casper,WY,42.866632,-106.313081
Compton,CA,33.8958492,-118.2200712
Billings,MT,45.7832856,-108.5006904
West Hollywood,CA,34.0900091,-118.3617443
Montebello,CA,34.0165053,-118.1137535
Seven Hills,OH,41.3953304,-81.6762392
Carlsbad,CA,33.1580933,-117.3505939
Oxon Hill,MD,38.8033178,-76.9897278
Concord,CA,37.9779776,-122.0310733
New York,NY,40.7127837,-74.0059413
Sugarland,TX,29.6196787,-95.6349463
San Diego,CA,32.715738,-117.1610838
Bridgeport,CT,41.1865478,-73.1951767
Middle Village,NY,40.717372,-73.87425
Los Angeles,CA,34.0522342,-118.2436849
Chickasha,OK,35.052565,-97.9364326
Lexington,SC,33.9815369,-81.2362107
Coral Springs,FL,26.271192,-80.2706044
South St. Paul,MN,44.8759802,-93.0275802
Los Angeles,CA,34.0522342,-118.2436849
Los Angeles,CA,34.0522342,-118.2436849
Alice,TX,27.7522487,-98.0697249
Fairfield,CT,41.1408363,-73.2612615
Fairfield,CT,41.1408363,-73.2612615
Fairfield,CT,41.1408363,-73.2612615
Manahawkin,NJ,39.695397,-74.2587527
Orlando,FL,28.5383355,-81.3792365
Irvine,CA,33.6839473,-117.7946942
Temecula,CA,33.4936391,-117.1483648
Carlstadt,NJ,40.8403778,-74.0906974
Newport Beach,CA,33.6189101,-117.9289469
La Jolla,CA,32.8328112,-117.2712717
Los Angeles,CA,34.0522342,-118.2436849
Third Lake,IL,42.3739105,-88.0109121
Exton,PA,40.0325817,-75.6274583
Alvarado,TX,32.4065312,-97.2116782
Lake Elsinore,CA,33.6680772,-117.3272615
Marion,IL,37.7306054,-88.9331256
Dayton,OH,39.7589478,-84.1916069
Westborough,MA,42.2695216,-71.6161294
Lake Forest,CA,33.6469661,-117.689218
Huntsville,AL,34.7303688,-86.5861037
Pompano Beach,FL,26.2378597,-80.1247667
Buena Park,CA,33.8675143,-117.9981181
New York,NY,40.7127837,-74.0059413
Brea,CA,33.9166805,-117.9000604
Irvine,CA,33.6839473,-117.7946942
Burbank,CA,34.1808392,-118.3089661
La Verne,CA,34.1008426,-117.7678355
Edison,NJ,40.5187154,-74.4120953
Des Plaines,IL,42.0333623,-87.8833991
Ludington,MI,43.9552825,-86.4525831
St. Louis,MO,38.6270025,-90.1994042
Hemet,CA,33.7475203,-116.9719684
Buffalo,NY,42.8864468,-78.8783689
Edison,NJ,40.5187154,-74.4120953
Delray Beach,FL,26.4614625,-80.0728201
Brandon,FL,27.937801,-82.2859247
Buckner,KY,38.3836782,-85.4399588
Tucson,AZ,32.2217429,-110.926479
Corona,CA,33.8752935,-117.5664384
Greenbelt,MD,39.0045544,-76.8755282
Federal Way,WA,47.3223221,-122.3126222
Los Angeles,CA,34.0522342,-118.2436849
St. Augustine,FL,29.9012437,-81.3124341
Manchester,CT,41.7759301,-72.5215009
Jamaica,NY,40.702677,-73.7889689
Ft. Worth,TX,32.7554883,-97.3307658
Bellevue,WA,47.610377,-122.2006786
Alpena,MI,45.0616794,-83.4327528
Norcross,GA,33.9412127,-84.2135309
Houston,TX,29.7604267,-95.3698028
Jonesboro,AR,35.8422967,-90.704279
St. Johns,FL,30.0820653,-81.5471201
San Antonio,TX,29.4241219,-98.4936282
North Annandale,NJ,40.6409347,-74.881278
Loveland,OH,39.2689476,-84.263826
Chevy Chase,MD,38.9949153,-77.0772052
Flower Mound,TX,33.0145673,-97.0969552
Elk Rapids,MI,44.8955578,-85.4164605
Chevy Chase,MD,38.9949153,-77.0772052
Columbia,SC,34.0007104,-81.0348144
Rolla,MO,37.948544,-91.7715303
Henderson,NV,36.0395247,-114.9817213
New York City,NY,40.7127837,-74.0059413
New York City,NY,40.7127837,-74.0059413
Tavares,FL,28.8041579,-81.725632
Mocksville,NC,35.8940263,-80.5614494
Rio Grande City,TX,26.3797874,-98.8203046
Dallas,TX,32.7766642,-96.7969879
Houston,TX,29.7604267,-95.3698028
Kingston,NH,42.9364768,-71.0533918
Oldwick,NJ,40.6726219,-74.7492287
Escondido,CA,33.1192068,-117.086421
Falcon,CO,38.9383017,-104.6009415
Irvine,CA,33.6839473,-117.7946942
Austin,TX,30.267153,-97.7430608
Norristown,PA,40.121497,-75.3399048
New York,NY,40.7127837,-74.0059413
Redlands,CA,34.0555693,-117.1825381
Anaheim,CA,33.8352932,-117.9145036
Lincoln,NE,40.8257625,-96.6851982
Irving,TX,32.8140177,-96.9488945
Woodbridge,VA,38.6581722,-77.2497049
Boise,ID,43.6187102,-116.2146068
Burke,VA,38.7934466,-77.2716505
San Jose,CA,37.3382082,-121.8863286
Frederick,MD,39.4142688,-77.4105409
Gettysburg,PA,39.8309293,-77.2310955
Arlington Heights,IL,42.0883603,-87.9806265
Winnetka,CA,34.2048586,-118.5739621
Toronto,ON,43.653226,-79.3831843
Nashua,NH,42.7653662,-71.467566
Minneapolis,MN,44.977753,-93.2650108
Orleans,ON,45.4558019,-75.5047333
Madisonville,LA,30.4043607,-90.1570232
Dover,OH,40.5206198,-81.4740054
Pinellas Park,Fl,27.8428025,-82.6995443
Richboro,PA,40.2151086,-75.0107245
Plano,TX,33.0198431,-96.6988856
Federal Way,WA,47.3223221,-122.3126222
Surfers Paradise,"Gold Coast, AUSTRALIA",-28,153.416667
Newark,DE,39.6837226,-75.7496572
West Chester,OH,40.2339147,-81.3445012
Atlanta,GA,33.7489954,-84.3879824
Los Angeles,CA,34.0522342,-118.2436849
Santa Monica,CA,34.0194543,-118.4911912
Gig Harbor,WA,47.329264,-122.5801293
Fort Myers,FL,26.640628,-81.8723084
Portland,OR,45.5230622,-122.6764816
Astoria,NY,40.7643574,-73.9234619
Brooklyn,NY,40.6781784,-73.9441579
Brooklyn,NY,40.6781784,-73.9441579
Christiansburg,VA,37.1298517,-80.4089389
Midland,TX,31.9973456,-102.0779146
Bethesda,Maryland,38.984652,-77.0947092
Medford,OR,42.3265152,-122.8755949
Colonia,NJ,40.584867,-74.3039227
Redmond,WA,47.6739881,-122.121512
Oakville,ON Canada,43.467517,-79.6876659
Macon,GA,32.8406946,-83.6324022
Austin,TX,30.267153,-97.7430608
Eliot,ME,43.1531427,-70.8000544
Miami,FL,25.7616798,-80.1917902
Palo Alto,CA,37.4418834,-122.1430195
Candler,NC,35.5360973,-82.6927363
Hockessin,DE,39.7876112,-75.6966001
Wilmington,DE,39.7390721,-75.5397878
Jersey City,NJ,40.7281575,-74.0776417
New York,NY,40.7127837,-74.0059413
Glenmills,PA,39.9016273,-75.5103484
Logan,UT,41.7369803,-111.8338359
Houston,TX,29.7604267,-95.3698028
NY,NY,40.7127837,-74.0059413
Florham Park,NJ,40.787878,-74.3882072
Corona,CA,33.8752935,-117.5664384
Encino,CA,34.1517492,-118.5214282
Port Coquitlam,BC,49.2628382,-122.7810708
Houston,Texas,29.7604267,-95.3698028
Naperville,IL,41.7508391,-88.1535352
Centerville,OH,39.6283928,-84.1593818
Danville,CA,37.8215929,-121.9999606
Beverly Hills,CA,34.0736204,-118.4003563
Flushing,NY,40.7674987,-73.833079
Garland,TX,32.912624,-96.6388833
Walla Walla,WA,46.0645809,-118.3430209
NY,NY,40.7127837,-74.0059413
Manchester,CT,41.7759301,-72.5215009
Peoria,AZ,33.5805955,-112.2373779
Dallas,TX,32.7766642,-96.7969879
Langhorne,PA,40.1745538,-74.9226665
Portland,OR,45.5230622,-122.6764816
Rochester,MN,44.0121221,-92.4801989
Charleston,SC,32.7764749,-79.9310512
Cincinnati,OH,39.1031182,-84.5120196
Houston,TX,29.7604267,-95.3698028
Huntington,WV,38.4192496,-82.445154
Artesia,NM,32.8423345,-104.4032962
Plano,TX,33.0198431,-96.6988856
Monroeville,PA,40.4211798,-79.7881024
Irvine,CA,33.6839473,-117.7946942
Rockville,MD,39.0839973,-77.1527578
Amarillo,TX,35.2219971,-101.8312969
Philadelphia,PA,39.9525839,-75.1652215
Raleigh,NC,35.7795897,-78.6381787
Altamonte Springs,FL,28.6611089,-81.3656242
Langhorne,PA,40.1745538,-74.9226665
Atlanta,GA,33.7489954,-84.3879824
Kitchener,Ontario,43.450301,-80.4831917
Pasco,WA,46.2395793,-119.1005657
Totowa,NJ,40.9050988,-74.2098679
La Mirada,CA,33.9172357,-118.0120086
Santa Fe,NM,35.6869752,-105.937799
San Ramon,CA,37.7799273,-121.9780153
San Ramon,CA,37.7799273,-121.9780153
St. Thomas,US Virgin Islands,18.335361,-64.9534009
Bellevue,Washington,47.610377,-122.2006786
Richmond,kentucky,37.7478572,-84.2946539
Burnaby,BC,49.2488091,-122.9805104
Kingwood,TX,30.0575359,-95.1902986
Lyndhurst,OH,41.5200523,-81.4887315
Kingwood,TX,30.0575359,-95.1902986
Jamaica,NY,40.702677,-73.7889689
Brooklyn,NY,40.6781784,-73.9441579
Brentwood,TN,36.0331164,-86.7827772
Temecula,CA,33.4936391,-117.1483648
Rock Island,IL,41.5094771,-90.5787476
Westbury,NY,40.7556561,-73.5876273
Olympia Fields,IL,41.5131999,-87.6926257
Morganville,NJ,40.3359924,-74.2911154
Rochester,NY,43.16103,-77.6109219
Huntsville,AL,34.7303688,-86.5861037
Waukegan,IL,42.3636331,-87.8447938
"Crown Heights, Brooklyn",NY,40.6681032,-73.9447994
Mendham Borough,NJ,40.7759334,-74.6007142
Sterling Heights,MI,42.5803122,-83.0302033
Hamilton,ON,43.2500208,-79.8660914
Jersey City,NJ,40.7281575,-74.0776417
Boca Raton,FL,26.3683064,-80.1289321
Boston,MA,42.3600825,-71.0588801
Yorba Linda,CA,33.8886259,-117.8131125
Ajax,ON,43.8508553,-79.0203732
Boston,MA,42.3600825,-71.0588801
Anaheim,CA,33.8352932,-117.9145036
Corona,CA,33.8752935,-117.5664384
Fresno,CA,36.7468422,-119.7725868
Dallas,TX,32.7766642,-96.7969879
Newtown Square,PA,39.9868904,-75.4007058
Jasper,AL,33.8312185,-87.2775053
Jacksonville,FL,30.3321838,-81.655651
Washington,DC,38.9071923,-77.0368707
Rockledge,FL,28.3164498,-80.7269854
Clifton,NJ,40.8584328,-74.1637553
Palos Heights,IL,41.6680885,-87.7964416
Newport Beach,CA,33.6189101,-117.9289469
Mountain View,CA,37.3860517,-122.0838511
San Clemente,CA,33.4269728,-117.6119925
Irvine,CA,33.6839473,-117.7946942
Fairfax,VA,38.8462236,-77.3063733
Tecumseh,Ontario,42.3117966,-82.8857592
Newport Beach,CA,33.6189101,-117.9289469
Spokane,WA,47.6587802,-117.4260466
Germantown,MD,39.1731621,-77.2716502
Bridgeton,MO,38.7669954,-90.4115057
Los Lunas,New Mexico,34.806166,-106.7333599
New Rochelle,NY,40.9114882,-73.7823549
Indianapolis,IN,39.768403,-86.158068
Raleigh,NC,35.7795897,-78.6381787
Federal Way,WA,47.3223221,-122.3126222
Apple Valley,MN,44.7319094,-93.21772
Somerville,MA,42.3875968,-71.0994968
Etobicoke,Canada,43.6204946,-79.5131983
West Vancouver,BC,49.3348973,-123.1667847
Brentwood,TN,36.0331164,-86.7827772
Racine,WI,42.7261309,-87.7828523
Pismo Beach,CA,35.1427533,-120.6412827
Phoenix,AZ,33.4483771,-112.0740373
Irvine,CA,33.6839473,-117.7946942
"Gaithersburg,",MD,39.1434406,-77.2013705
Thousand Oaks,CA,34.1705609,-118.8375937
Laurel,MD,39.0992752,-76.8483061
Dallas,TX,32.7766642,-96.7969879
Atlanta,GA,33.7489954,-84.3879824
Livermore,CA,37.6818745,-121.7680088
Tigard,OR,45.4312294,-122.7714861
Castro Valley,CA,37.6940973,-122.0863522
Ashland,VA,37.7590318,-77.4799837
Irvine,CA,33.6839473,-117.7946942
Frisco,TX,33.1506744,-96.8236116
Elkhorn,WI,42.6727927,-88.5445447
Reading,PA,40.3356483,-75.9268747
Huntington,NY,40.8681539,-73.425676
Bernardsville,NJ,40.7187119,-74.569324
Los Angeles,CA,34.0522342,-118.2436849
Torrance,CA,33.8358492,-118.3406288
San Francisco,CA,37.7749295,-122.4194155
Edmond,OK,35.6528323,-97.4780954
San Jose,CA,37.3382082,-121.8863286
South Windsor,CT,41.8489872,-72.5717551
South Jordan,UT,40.5621704,-111.929658
Sandy,UT,40.5649781,-111.8389726
Glendale Heights,IL,41.9103068,-88.0717353
Pleasanton,CA,37.6624312,-121.8746789
Fremont,CA,37.5482697,-121.9885719
"Grand Forks,",ND,47.9252568,-97.0328547
Fort Lauderdale,FL,26.1224386,-80.1373174
Cotter,AR,36.2711798,-92.5354402
Orange,CA,33.7877944,-117.8531119
Wethersfield,CT,41.7063537,-72.6596244
Tulsa,OK,36.1539816,-95.992775
Gainesville,FL,29.6516344,-82.3248262
Bellflower,CA,33.8816818,-118.1170117
DeSoto,TX,32.5896998,-96.8570738
Burke,VA,38.7934466,-77.2716505
Mars,PA,40.6958996,-80.0117254
Torrance,CA,33.8358492,-118.3406288
Evanston,IL,42.0450722,-87.6876969
Norfolk,VA,36.8507689,-76.2858726
Grand Forks,ND,47.9252568,-97.0328547
San Antonio,TX,29.4241219,-98.4936282
Springfield,VT,43.2984078,-72.4823117
"Eugene,",OR,44.0520691,-123.0867536
Boston,MA,42.3600825,-71.0588801
San Gabriel,CA,34.0961111,-118.1058333
"Chicago,",IL,41.8781136,-87.6297982
West Covina,CA,34.0686208,-117.9389526
Philadelphia,PA,39.9525839,-75.1652215
Eagle River,AK,61.3293186,-149.5680499
Austin,TX,30.267153,-97.7430608
San Diego,CA,32.715738,-117.1610838
Fullerton,CA,33.8703596,-117.9242966
Fresno,CA,36.7468422,-119.7725868
Fresno,CA,36.7468422,-119.7725868
Philadelphia,PA,39.9525839,-75.1652215
Mississauga,ON,43.5890452,-79.6441198
Wichita,KS,37.6871761,-97.330053
Beverly Hills,CA,34.0736204,-118.4003563
Brookline,MA,42.3317642,-71.1211635
Belle Chasse,LA,29.8549287,-89.9906253
Orlando,FL,28.5383355,-81.3792365
Covina,CA,34.0900091,-117.8903397
San Bernardino,CA,34.1083449,-117.2897652
Fontana,CA,34.0922335,-117.435048
Los Angeles,CA,34.0522342,-118.2436849
"Torrance,",CA,33.8358492,-118.3406288
"Alhambra,",CA,34.095287,-118.1270146
Woodland Park,CO,38.9938808,-105.0569301
Scottsdale,AZ,33.4941704,-111.9260519
Torrance,CA,33.8358492,-118.3406288
Inglewood,CA,33.9616801,-118.3531311
Boston,MA,42.3600825,-71.0588801
South Boston,MA,42.3381437,-71.0475773
Westport,CT,41.1414717,-73.3579049
Miami,Fl,25.7616798,-80.1917902
Tujunga,CA,34.2586812,-118.288508
Park City,UT,40.6460622,-111.4979729
Sandy,UT,40.5649781,-111.8389726
Philadelphia,PA,39.9525839,-75.1652215
Rocky Mount,NC,35.9382103,-77.7905339
Laguna Niguel,CA,33.5225261,-117.7075526
Union,SC,34.7154122,-81.623711
San Jose,CA,37.3382082,-121.8863286
Burlingame,CA,37.5778696,-122.34809
Griffin,GA,33.2467807,-84.2640904
"Hoffman Estates,",IL,42.0629915,-88.1227199
Orange,CA,33.7877944,-117.8531119
Phoenix,AZ,33.4483771,-112.0740373
Wilmington,DE,39.7390721,-75.5397878
Buford,GA,34.1206564,-84.0043513
Elk Grove,CA,38.4087993,-121.3716178
Scottsdale,AZ,33.4941704,-111.9260519
Leesburg,VA,39.1156615,-77.5636015
Cresskill,NJ,40.9414874,-73.9593041
Huntington Beach,CA,33.660297,-117.9992265
Woodbridge,VA,38.6581722,-77.2497049
Anaheim,CA,33.8352932,-117.9145036
Villa Park,CA,33.8144608,-117.8131112
Huntington Beach,CA,33.660297,-117.9992265
Brownsville,TX,25.9017472,-97.4974838
Centennial,CO,39.5807452,-104.8771726
Huntington Beach,CA,33.660297,-117.9992265
Columbus,Ohio,39.9611755,-82.9987942
Royse City,TX,32.9751204,-96.3324817
Greenwich,CT,41.0262417,-73.6281964
Monument,CO,39.0916586,-104.872758
Whitestone,NY,40.7920449,-73.8095574
Orlando,FL,28.5383355,-81.3792365
Kingston,NY,41.9270367,-73.9973608
Athens,GA,33.9519347,-83.357567
San Diego,CA,32.715738,-117.1610838
Oklahoma City,OK,35.4675602,-97.5164276
Little Rock,AR,34.7464809,-92.2895948
Oakville,Canada,43.467517,-79.6876659
Hialeah,FL,25.8575963,-80.2781057
Reno,NV,39.5296329,-119.8138027
Elkhart,IN,41.6819935,-85.9766671
Dallas,TX,32.7766642,-96.7969879
"Huntington Beach,",CA,33.660297,-117.9992265
Irvine,CA,33.6839473,-117.7946942
Nashville,TN,36.1626638,-86.7816016
Brantford,ON,43.1393867,-80.2644254
Bremerton,WA,47.5673202,-122.6329356
Ontario,CA,34.0633443,-117.6508876
Rockledge,FL,28.3164498,-80.7269854
Prescott Valley,AZ,34.6100243,-112.315721
Columbus Grove,OH,40.9194961,-84.0568896
"Brainerd,",MN,46.3526733,-94.2020084
Tampa,FL,27.950575,-82.4571776
Powell,OH,40.1578402,-83.0751869
Oshawa,Ontario,43.8970929,-78.8657912
Birmingham,MI,42.5467012,-83.2113192
Oshawa,Ontario,43.8970929,-78.8657912
Las Vegas,NV,36.1699412,-115.1398296
Beverly Hills,CA,34.0736204,-118.4003563
Alexandria,VA,38.8048355,-77.0469214
Scottsdale,AZ,33.4941704,-111.9260519
Portland,OR,45.5230622,-122.6764816
Norco,CA,33.9311257,-117.548661
Plainsboro,NJ,40.3382543,-74.585292
Weymouth,MA,42.2180724,-70.9410356
Glenview,IL,42.0697509,-87.7878408
Colorado Springs,CO,38.8338816,-104.8213634
Middlesboro,KY,36.6072567,-83.7142848
Mountain View,CA,37.3860517,-122.0838511
West Palm Beach,FL,26.7153424,-80.0533746
irvine,CA,33.6839473,-117.7946942
Durham,NC,35.9940329,-78.898619
Raleigh,NC,35.7795897,-78.6381787
Clinton,NC,34.9979453,-78.3233325
Bladenboro,NC,34.5387799,-78.7875209
Zebulon,NC,35.8243208,-78.3147199
Irvine,CA,33.6839473,-117.7946942
Irvine,CA,33.6839473,-117.7946942
Lancaster,CA,34.6867846,-118.1541632
Chesapeake,VA,36.7682088,-76.2874927
Santa Ana,CA,33.7455731,-117.8678338
Justin,TX,33.0848442,-97.2961286
Weymouth,MA,42.2180724,-70.9410356
Irvine,CA,33.6839473,-117.7946942
Ladera Ranch,CA,33.550735,-117.6411717
Rockford,IL,42.2711311,-89.0939952
McKinney,TX,33.1972465,-96.6397822
Lake Forest,CA,33.6469661,-117.689218
"Laguna Hills,",CA,33.590277,-117.6962824
Houston,TX,29.7604267,-95.3698028
Carmel Valley,CA,36.4799024,-121.7327931
Woodbury,MN,44.9238552,-92.9593797
"Vancouver,",BC,49.2827291,-123.1207375
La Jolla,CA,32.8328112,-117.2712717
Aliso Viejo,CA,33.5676842,-117.7256083
Lake Forest,IL,42.2586342,-87.840625
Plattsburgh,NY,44.6994873,-73.4529124
West Roxbury,MA,42.2797554,-71.1626756
Laguna Hills,CA,33.590277,-117.6962824
Watetown,MA,42.3709299,-71.1828321
Santa Clara,CA,37.3541079,-121.9552356
Dayton (Kettering),OH,39.7108034,-84.1407107
Marblehead,MA,42.4999582,-70.8578024
Miami,FL,25.7616798,-80.1917902
Aliso Viejo,CA,33.5676842,-117.7256083
Philadelphia,PA,39.9525839,-75.1652215
South Miami,FL,25.7050697,-80.2907618
"Calabasas,",CA,34.1367208,-118.6614809
Venice,FL.,27.0997775,-82.4542632
West Hartford,CT,41.7620842,-72.7420151
"Douglasville,",GA,33.7514966,-84.7477136
Ladera Ranch,CA,33.550735,-117.6411717
Irvine,CA,33.6839473,-117.7946942
El Paso,TX.,31.7618778,-106.4850217
Newport Beach,CA,33.6189101,-117.9289469
Tustin,CA,33.7458511,-117.826166
Middleboro,MA,41.8929942,-70.9107708
Fort Worth,TX,32.7554883,-97.3307658
Idaho Falls,ID,43.4916514,-112.0339645
Lincolnshire,IL,42.1900249,-87.9084039
Dallas,TX,32.7766642,-96.7969879
Newport Beach,CA,33.6189101,-117.9289469
Newport Beach,CA,33.6189101,-117.9289469
Annapolis,MD,38.9784453,-76.4921829
Downey,CA,33.9401088,-118.1331593
Kirkland,WA,47.6814875,-122.2087353
Orlando,FL,28.5383355,-81.3792365
Macon,GA.,32.8406946,-83.6324022
Waxahachie,TX,32.3865312,-96.8483311
Columbia,MD,39.2037144,-76.8610462
Salt Lake City,UT,40.7607793,-111.8910474
Arllington,VA,38.8799697,-77.1067698
Huntington Beach,CA,33.660297,-117.9992265
Dallas,TX,32.7766642,-96.7969879
San Diego,CA,32.715738,-117.1610838
Boca Raton,FL.,26.3683064,-80.1289321
North Miami Beach,FL,25.9331488,-80.1625463
Austin,TX,30.267153,-97.7430608
Spokane Valley,WA,47.6732281,-117.2393748
Allegany,NY,42.0900647,-78.4941887
Encino,CA,34.1517492,-118.5214282
Pueblo,CO,38.2544472,-104.6091409
Houston,TX.,29.7604267,-95.3698028
Hartford,CT.,41.7637111,-72.6850932
Dallas,TX,32.7766642,-96.7969879
Newport Beach,CA,33.6189101,-117.9289469
Newport Beach,CA,33.6189101,-117.9289469
Newport Beach,CA,33.6189101,-117.9289469
Chicago,IL,41.8781136,-87.6297982
Torrance,CA,33.8358492,-118.3406288
San Diego,CA,32.715738,-117.1610838
Mukwnaso,WI,42.8666803,-88.3334274
Franklin,MA,42.0834313,-71.396725
Broadview Heights,OH.,41.3139426,-81.6851271
Little Falls,NJ,40.8690101,-74.2082286
Fullerton,CA,33.8703596,-117.9242966
Pleasanton,CA,37.6624312,-121.8746789
Tolland,CT,41.8714865,-72.3686931
Glendora,CA,34.1361187,-117.865339
Glendora,CA,34.1361187,-117.865339
Delafield,WI,43.060842,-88.4037079
Saline,MI,42.1667072,-83.7816075
Newport Beach,CA,33.6189101,-117.9289469
Glnedora,CA,34.1361187,-117.865339
Sherwood park,AB,53.5412083,-113.2957365
Houston,TX,29.7604267,-95.3698028
Chino,CA,34.0122346,-117.688944
Tustin,CA,33.7458511,-117.826166
Raleigh,NC,35.7795897,-78.6381787
East Brunswick,NJ,40.4316955,-74.4049778
Meridian,ID,43.6121087,-116.3915131
"Atlanta, GA.",GA,33.7489954,-84.3879824
Vacaville,CA,38.3565773,-121.9877444
Carmel,CA,36.5552386,-121.9232879
Highlands Ranch,CO,39.5480789,-104.9739333
Lone Tree,CO,39.536482,-104.8970678
Castle Rock,CO,39.3722121,-104.8560902
Redwood City,CA,37.4852152,-122.2363548
Bellevue,WA.,47.610377,-122.2006786
Las Vegas,NV,36.1699412,-115.1398296
San Diego,CA,32.715738,-117.1610838
Montebllo,CA,34.0165053,-118.1137535
Santa Ana,CA,33.7455731,-117.8678338
Ashburn,VA,39.0437567,-77.4874416
Fremont,MI.,43.4675173,-85.9420013
Riverside,CA,33.9533487,-117.3961564
Santa Ana,CA,33.7455731,-117.8678338
Encinitas,CA.,33.0369867,-117.2919818
Chicago,IL,41.8781136,-87.6297982
Chino,CA.,34.0122346,-117.688944
Chula Vista,CA,32.6400541,-117.0841955
Chula Vista,CA.,32.6400541,-117.0841955
Cula Vista,CA,32.6400541,-117.0841955
Newport Beach,CA.,33.6189101,-117.9289469
Bellbrook,OH.,39.6356154,-84.0707681
Downey,CA.,33.9401088,-118.1331593
Beverly Hills,CA,34.0736204,-118.4003563
Allentown,PA,40.6084305,-75.4901833
Irvine,CA,33.6839473,-117.7946942
Newport Beach,CA,33.6189101,-117.9289469
Newport Beach,CA,33.6189101,-117.9289469
San Diego,CA,32.715738,-117.1610838
San Diego,CA,32.715738,-117.1610838
Tampa,FL,27.950575,-82.4571776
Lincolnwood,IL.,42.0044757,-87.7300594
San Jose,CA.,37.3382082,-121.8863286
San Diego,CA,32.715738,-117.1610838
Schenectady,NY,42.8142432,-73.9395687
Boston,MA,42.3600825,-71.0588801
Mission Viejo,CA,33.6000232,-117.6719953
Daytona Beach,FL,29.2108147,-81.0228331
Austin,TX,30.267153,-97.7430608
Irvine,CA,33.6839473,-117.7946942
Downey,CA,33.9401088,-118.1331593
Providence,RI,41.8239891,-71.4128343
Los Angeles,CA,34.0522342,-118.2436849
West Sacarmento,CA,38.5804609,-121.530234
Huntsville,AL,34.7303688,-86.5861037
Blountstown,FL,30.4435293,-85.0451953
Indianapolis,IN,39.768403,-86.158068
Plattsburgh,New York,44.6994873,-73.4529124
West Hartford,CT,41.7620842,-72.7420151
Los Angeles,CA,34.0522342,-118.2436849
New London,CT,41.3556539,-72.0995209
"Torrance,",90505,33.8101772,-118.3520389
"Torrance,",CA,33.8358492,-118.3406288
"Torrance,",CA,33.8358492,-118.3406288
"Lake Forest,",CA,33.6469661,-117.689218
Flower Mound,TX,33.0145673,-97.0969552
Jacksonville,FL,30.3321838,-81.655651
Fort Lauderdale,FL,26.1224386,-80.1373174
Irvine,CA,33.6839473,-117.7946942
Mission Viejo,CA,33.6000232,-117.6719953
Coppell,TX,32.9545687,-97.0150078
Irvine,CA,33.6839473,-117.7946942
Dallas,TX,32.7766642,-96.7969879
Boston,MA,42.3600825,-71.0588801
Irvine,CA,33.6839473,-117.7946942
Mt. Hood,OR,45.5378947,-121.568408
Nashua,NH,42.7653662,-71.467566
Houston,TX,29.7604267,-95.3698028
Garland,TX,32.912624,-96.6388833
Irvine,CA,33.6839473,-117.7946942
Middletown,RI,41.5218243,-71.2834538
Vista,CA,33.2000368,-117.2425355
Carlsbad,CA,33.1580933,-117.3505939
Fresno,CA,36.7468422,-119.7725868
Leamington,ON,42.0531634,-82.5998874
"Irvine,",CA,33.6839473,-117.7946942
Vanier,ON,45.4370851,-75.658968
Salt Lake City,UT,40.7607793,-111.8910474
Salt Lake City,UT,40.7607793,-111.8910474
San Antonio,TX,29.4241219,-98.4936282
Irvine,California,33.6839473,-117.7946942
Hayward,CA,37.6688205,-122.0807964
Lakewood,WA,47.1717649,-122.518458
Lakewood,WA,47.1717649,-122.518458
Fresno,CA,36.7468422,-119.7725868
Phoenix,AZ,33.4483771,-112.0740373
Mission,TX,26.2159066,-98.3252932
Madisonville,LA,30.4043607,-90.1570232
Torrance,CA,33.8358492,-118.3406288
Houston,TX,29.7604267,-95.3698028
Kennewick,WA,46.2112458,-119.1372338
irvine,,33.6839473,-117.7946942
"Mission Viejo,",CA,33.6000232,-117.6719953
"Mission Viejo,",CA,33.6000232,-117.6719953
"Mission Viejo,",CA,33.6000232,-117.6719953
"Mission Viejo,",CA,33.6000232,-117.6719953
irvine,,33.6839473,-117.7946942
"Tustin,",CA,33.7458511,-117.826166
"Santa Ana,",CA,33.7455731,-117.8678338
"Santa Ana,",CA,33.7455731,-117.8678338
"Irvine,",CA,33.6839473,-117.7946942
"Aneheim,",CA.,33.8352932,-117.9145036
"Anaheim,",CA,33.8352932,-117.9145036
Anaheim,CA,33.8352932,-117.9145036
"Anaheim,",CA,33.8352932,-117.9145036
"Anaheim,",CA,33.8352932,-117.9145036
irvine,,33.6839473,-117.7946942
"Anaheim Hills,",CA,33.8508021,-117.7490656
"Anaheim,",CA,33.8352932,-117.9145036
"Anaheim Hills,",CA,33.8508021,-117.7490656
"Alta Loma,",CA,34.1222317,-117.5981086
irvine,,33.6839473,-117.7946942
"Brea,",CA,33.9166805,-117.9000604
"Brea,",CA,33.9166805,-117.9000604
"Brea,",CA,33.9166805,-117.9000604
Brea,CA,33.9166805,-117.9000604
"Brea,",CA,33.9166805,-117.9000604
irvine,,33.6839473,-117.7946942
"Brea,",CA,33.9166805,-117.9000604
"Brea,",CA,33.9166805,-117.9000604
irvine,,33.6839473,-117.7946942
"Fullerton,",CA,33.8703596,-117.9242966
"Fullerton,",CA,33.8703596,-117.9242966
"Fullerton,",CA,33.8703596,-117.9242966
"Fullerton,",CA,33.8703596,-117.9242966
"Fullerton,",CA,33.8703596,-117.9242966
"Fullerton,",CA,33.8703596,-117.9242966
"Fullerton,",CA,33.8703596,-117.9242966
"Fullerton,",CA,33.8703596,-117.9242966
irvine,,33.6839473,-117.7946942
"Fullerton,",CA,33.8703596,-117.9242966
"Fullerton,",CA,33.8703596,-117.9242966
"Orange,",California,33.7877944,-117.8531119
"Placentia,",CA,33.8722371,-117.8703363
"Yorba Linda,",CA,33.8886259,-117.8131125
"Brea,",CA,33.9166805,-117.9000604
"West Los Angeles,",CA,34.0412085,-118.442596
Los Angeles,,34.0522342,-118.2436849
Fullerton,CA,33.8703596,-117.9242966
"Beverly Hills,",CA,34.0736204,-118.4003563
irvine,,33.6839473,-117.7946942
Newport Beach,CA,33.6189101,-117.9289469
irvine,,33.6839473,-117.7946942
"San Jose,",CA,37.3382082,-121.8863286
"Campbell,",CA,37.2871651,-121.9499568
irvine,,33.6839473,-117.7946942
"San Francisco,",CA,37.7749295,-122.4194155
"San Francisco,",CA,37.7749295,-122.4194155
"San Francisco,",CA,37.7749295,-122.4194155
"Campbell,",CA,37.2871651,-121.9499568
"San Francisco,",CA,37.7749295,-122.4194155
"Oakland,",CA,37.8043637,-122.2711137
"San Diego,",CA,32.715738,-117.1610838
"Arcadia,",CA,34.1397292,-118.0353449
"Palo Alto,",CA,37.4418834,-122.1430195
"Mountain View,",California,37.3860517,-122.0838511
irvine,,33.6839473,-117.7946942
"San Francisco,",CA,37.7749295,-122.4194155
"Mountain View,",CA,37.3860517,-122.0838511
"Tustin,",CA,33.7458511,-117.826166
"Tustin,",CA,33.7458511,-117.826166
"Irvine,",CA,33.6839473,-117.7946942
"Fountain Valley,",CA,33.7091847,-117.9536697
"Costa Mesa,",CA,33.6411316,-117.9186689
"Brea,",CA,33.9166805,-117.9000604
"Los Angeles,",CA,34.0522342,-118.2436849
"Placentia,",CA,33.8722371,-117.8703363
Beverly Hills,CA,34.0736204,-118.4003563
"Orange,",CA,33.7877944,-117.8531119
"La Jolla,",CA,32.8328112,-117.2712717
"San Antonio,",TX,29.4241219,-98.4936282
"San Diego,",Ca.,32.715738,-117.1610838
"San Diego,",CA,32.715738,-117.1610838
"South  Orange,",CA,36.6173351,-119.3175746
"San Francisco,",California,37.7749295,-122.4194155
"Tustin,",CA,33.7458511,-117.826166
"Irvine,",CA,33.6839473,-117.7946942
"Minneapolis,",MN,44.977753,-93.2650108
Orange,CA,33.7877944,-117.8531119
"Riverside,",CA,33.9533487,-117.3961564
"Irvine,",CA,33.6839473,-117.7946942
"Mission Viejo,",CA,33.6000232,-117.6719953
"Newport Beach,",CA,33.6189101,-117.9289469
"Newport Beach,",CA,33.6189101,-117.9289469
"Laguna Beach,",CA,33.5422475,-117.7831104
"Fullerton,",CA,33.8703596,-117.9242966
"Newport Beach,",CA,33.6189101,-117.9289469
"Huntington Beach,",CA,33.660297,-117.9992265
"Irvine,",CA,33.6839473,-117.7946942
"Santa Ana,",CA,33.7455731,-117.8678338
"Newport Beach,",CA,33.6189101,-117.9289469
"Roanoke,",VA,37.2709704,-79.9414266
"Laguna Woods,",CA,33.6103009,-117.7253305
"Fullerton,",CA,33.8703596,-117.9242966
"Newport Beach,",CA,33.6189101,-117.9289469
"Sunnyvale,",CA,37.36883,-122.0363496
"San Jose,",CA,37.3382082,-121.8863286
"San Francisco,",CA,37.7749295,-122.4194155
"San Francisco,",CA,37.7749295,-122.4194155
"San Jose,",CA,37.3382082,-121.8863286
"San Francisco,",CA,37.7749295,-122.4194155
"San Francisco,",CA,37.7749295,-122.4194155
"Oakland,",CA,37.8043637,-122.2711137
"San Jose,",CA,37.3382082,-121.8863286
"Laguna Woods,",CA,33.6103009,-117.7253305
"San Jose,",CA,37.3382082,-121.8863286
"San Francisco,",CA,37.7749295,-122.4194155
"San Francisco,",CA,37.7749295,-122.4194155
"San Jose,",CA,37.3382082,-121.8863286
"San Jose,",CA,37.3382082,-121.8863286
"Cupertino,",CA,37.3229978,-122.0321823
"San Francisco,",CA,37.7749295,-122.4194155
"San Jose,",CA,37.3382082,-121.8863286
"San Francisco,",CA,37.7749295,-122.4194155
"San Jose,",CA,37.3382082,-121.8863286
"Hayward,",CA,37.6688205,-122.0807964
"San Francisco,",CA,37.7749295,-122.4194155
"Palo Alto,",CA,37.4418834,-122.1430195
"Rodeo,",CA,38.032977,-122.2669138
"Oakland,",CA,37.8043637,-122.2711137
"Dublin,",CA,37.7021521,-121.9357918
"San Francisco,",CA,37.7749295,-122.4194155
"SAN FRANCISCO,",CA,37.7749295,-122.4194155
San Jose,CA,37.3382082,-121.8863286
"San Francisco,",CA,37.7749295,-122.4194155
"Redwood City,",CA,37.4852152,-122.2363548
"San Francisco,",CA,37.7749295,-122.4194155
"San Francisco,",CA,37.7749295,-122.4194155
"San Jose,",CA,37.3382082,-121.8863286
"San Francisco,",CA,37.7749295,-122.4194155
"San Francisco,",CA,37.7749295,-122.4194155
"San Francisco,",CA,37.7749295,-122.4194155
"San Jose,",CA,37.3382082,-121.8863286
"San Francisco,",CA,37.7749295,-122.4194155
"San Francisco,",CA,37.7749295,-122.4194155
"San Jose,",CA,37.3382082,-121.8863286
"San Francisco,",CA,37.7749295,-122.4194155
San Jose,CA,37.3382082,-121.8863286
"San Francisco,",CA,37.7749295,-122.4194155
"San Francisco,",CA,37.7749295,-122.4194155
"SAN FRANCISCO,",CA,37.7749295,-122.4194155
"Santa Cruz,",CA,36.9741171,-122.0307963
"Oakland,",CA,37.8043637,-122.2711137
"San Jose,",CA,37.3382082,-121.8863286
"San Francisco,",CA,37.7749295,-122.4194155
"San Jose,",CA,37.3382082,-121.8863286
"San Jose,",CA,37.3382082,-121.8863286
"San Jose,",CA,37.3382082,-121.8863286
"San Jose,",CA,37.3382082,-121.8863286
"Los Altos,",CA,37.3852183,-122.1141298
"San Jose,",CA,37.3382082,-121.8863286
"Cupertino,",CA,37.3229978,-122.0321823
"San Francisco,",CA,37.7749295,-122.4194155
San Jose,CA,37.3382082,-121.8863286
"San Jose,",CA,37.3382082,-121.8863286
"San Francisco,",CA,37.7749295,-122.4194155
"San Diego,",CA,32.715738,-117.1610838
"San Diego,",CA,32.715738,-117.1610838
"San Diego,","CA,",32.715738,-117.1610838
"San Diego,",CA,32.715738,-117.1610838
Hollywood,FL,26.0112014,-80.1494901
Rochester,MN,44.0121221,-92.4801989
Scottsdale,Az,33.4941704,-111.9260519
Worcester,MA,42.2625932,-71.8022934
Huntington Beach,CA,33.660297,-117.9992265
Torrance,CA,33.8358492,-118.3406288
Torrance,CA,33.8358492,-118.3406288
Torrance,ca,33.8358492,-118.3406288
Waterbury,CT,41.5581525,-73.0514965
"Hartford,",CT,41.7637111,-72.6850932
Hickory Creek,TX,33.1223429,-97.0430647
Erin,TN,36.3183879,-87.6947414
Orange,CA,33.7877944,-117.8531119
Newport Beach,CA,33.6189101,-117.9289469
Kanata,ON,45.3088185,-75.8986835
Ottawa,Canada,45.4215296,-75.6971931
Atlanta,GA,33.7489954,-84.3879824
Irvine,CA,33.6839473,-117.7946942
Dallas,TX,32.7766642,-96.7969879
Dallas,TX,32.7766642,-96.7969879
Fullerton,CA,33.8703596,-117.9242966
Tijuana B.C.,Mexico,32.5149469,-117.0382471
Boston,MA,42.3600825,-71.0588801
Waterbury,CT,41.5581525,-73.0514965
Bowling Green,KY,36.9685219,-86.4808043
Harrisonburg,VA,38.4495688,-78.8689155
Valparaiso,IN,41.4730948,-87.0611412
Stockbridge,GA,33.5442781,-84.2338093
Kemmerer,WY,41.792447,-110.5376692
Irvine,CA,33.6839473,-117.7946942
Irvine,CA,33.6839473,-117.7946942
Irvine,CA,33.6839473,-117.7946942
"Ashland,",VA,37.7590318,-77.4799837
Ashland,Virginia,37.7590318,-77.4799837
Dallas,TX,32.7766642,-96.7969879
Dallas,TX,32.7766642,-96.7969879
BURBANK,ca,34.1808392,-118.3089661
Anderson,IN,40.1053196,-85.6802541
Lakewood Ranch,Florida,27.4117037,-82.4285151
Bradenton,FL,27.4989278,-82.5748194
Los Angeles,CA,34.0522342,-118.2436849
San Francisco,CA,37.7749295,-122.4194155
Glen Ellen,CA,38.3640795,-122.5241487
San Francisco,CA,37.7749295,-122.4194155
San Juan Capistrano,CA,33.5016932,-117.6625509
Venice,FL,27.0997775,-82.4542632
Mission Viejo,California,33.6000232,-117.6719953
"LA,",CA,34.0522342,-118.2436849
Walnut Creek,CA,37.9100783,-122.0651819
Dallas,TX,32.7766642,-96.7969879
Santa Ana,CA,33.7455731,-117.8678338
Morgantown,KY,37.2256023,-86.6835998
Los Angeles,CA,34.0522342,-118.2436849
East Draper,Utah,40.5246711,-111.8638226
Irvine,CA,33.6839473,-117.7946942
"Boston,",MA,42.3600825,-71.0588801
Irvine,CA,33.6839473,-117.7946942
Newport Beach,CA,33.6189101,-117.9289469
Seattle,WA,47.6062095,-122.3320708
Powell,OH,40.1578402,-83.0751869
Scottsdale,AZ,33.4941704,-111.9260519
"SHELBY TOWNSHIP,",MI,43.6086194,-86.3639633
Rolling Hills Estates,CA,33.7877943,-118.3581284
Mission Viejo,CA,33.6000232,-117.6719953
Mission Viejo,CA,33.6000232,-117.6719953
Boston,MA,42.3600825,-71.0588801
Beverly Hills,CA,34.0736204,-118.4003563
San Juan Capistrano,CA,33.5016932,-117.6625509
Engelwood,CO,39.6477653,-104.9877597
Austin,TX,30.267153,-97.7430608
Tustin,CA,33.7458511,-117.826166